school,date,count,school_year,month
GW,2009-01-12,0,2008-2009,2009-01
GW,2009-01-15,0,2008-2009,2009-01
GW,2009-01-22,0,2008-2009,2009-01
GW,2009-01-26,0,2008-2009,2009-01
GW,2009-01-29,0,2008-2009,2009-01
GW,2009-02-02,0,2008-2009,2009-02
GW,2009-02-05,0,2008-2009,2009-02
GW,2009-02-09,0,2008-2009,2009-02
GW,2009-02-12,0,2008-2009,2009-02
GW,2009-02-17,0,2008-2009,2009-02
GW,2009-02-19,0,2008-2009,2009-02
GW,2009-02-23,0,2008-2009,2009-02
GW,2009-02-26,0,2008-2009,2009-02
GW,2009-03-02,0,2008-2009,2009-03
GW,2009-03-05,0,2008-2009,2009-03
GW,2009-03-09,0,2008-2009,2009-03
GW,2009-03-12,0,2008-2009,2009-03
GW,2009-03-26,0,2008-2009,2009-03
GW,2009-03-30,0,2008-2009,2009-03
GW,2009-04-01,0,2008-2009,2009-04
GW,2009-04-02,0,2008-2009,2009-04
GW,2009-04-06,0,2008-2009,2009-04
GW,2009-04-09,0,2008-2009,2009-04
GW,2009-04-13,0,2008-2009,2009-04
GW,2009-04-16,0,2008-2009,2009-04
GW,2009-04-20,0,2008-2009,2009-04
GW,2009-04-23,0,2008-2009,2009-04
GW,2009-04-27,0,2008-2009,2009-04
GW,2009-04-30,0,2008-2009,2009-04
GW,2009-05-11,0,2008-2009,2009-05
GW,2009-05-18,0,2008-2009,2009-05
GW,2009-06-11,0,2008-2009,2009-06
GW,2009-08-27,0,2009-2010,2009-08
GW,2009-08-31,0,2009-2010,2009-08
GW,2009-09-03,0,2009-2010,2009-09
GW,2009-09-08,0,2009-2010,2009-09
GW,2009-09-10,0,2009-2010,2009-09
GW,2009-09-14,0,2009-2010,2009-09
GW,2009-09-17,0,2009-2010,2009-09
GW,2009-09-21,0,2009-2010,2009-09
GW,2009-09-24,0,2009-2010,2009-09
GW,2009-09-28,0,2009-2010,2009-09
GW,2009-10-01,0,2009-2010,2009-10
GW,2009-10-05,0,2009-2010,2009-10
GW,2009-10-08,0,2009-2010,2009-10
GW,2009-10-12,0,2009-2010,2009-10
GW,2009-10-15,0,2009-2010,2009-10
GW,2009-10-19,0,2009-2010,2009-10
GW,2009-10-22,0,2009-2010,2009-10
GW,2009-10-26,0,2009-2010,2009-10
GW,2009-10-29,0,2009-2010,2009-10
GW,2009-11-02,0,2009-2010,2009-11
GW,2009-11-05,0,2009-2010,2009-11
GW,2009-11-09,0,2009-2010,2009-11
GW,2009-11-12,0,2009-2010,2009-11
GW,2009-11-16,0,2009-2010,2009-11
GW,2009-11-19,0,2009-2010,2009-11
GW,2009-11-23,0,2009-2010,2009-11
GW,2009-12-03,0,2009-2010,2009-12
GW,2009-12-07,0,2009-2010,2009-12
GW,2010-01-11,0,2009-2010,2010-01
GW,2010-01-14,0,2009-2010,2010-01
GW,2010-01-19,0,2009-2010,2010-01
GW,2010-01-21,0,2009-2010,2010-01
GW,2010-01-25,0,2009-2010,2010-01
GW,2010-01-28,0,2009-2010,2010-01
GW,2010-02-01,0,2009-2010,2010-02
GW,2010-02-04,0,2009-2010,2010-02
GW,2010-02-08,0,2009-2010,2010-02
GW,2010-02-12,0,2009-2010,2010-02
GW,2010-02-16,0,2009-2010,2010-02
GW,2010-02-18,0,2009-2010,2010-02
GW,2010-02-22,0,2009-2010,2010-02
GW,2010-02-25,0,2009-2010,2010-02
GW,2010-03-01,0,2009-2010,2010-03
GW,2010-03-04,0,2009-2010,2010-03
GW,2010-03-08,0,2009-2010,2010-03
GW,2010-03-11,0,2009-2010,2010-03
GW,2010-03-25,0,2009-2010,2010-03
GW,2010-03-29,0,2009-2010,2010-03
GW,2010-04-01,0,2009-2010,2010-04
GW,2010-04-05,0,2009-2010,2010-04
GW,2010-04-08,0,2009-2010,2010-04
GW,2010-04-12,0,2009-2010,2010-04
GW,2010-04-15,0,2009-2010,2010-04
GW,2010-04-19,0,2009-2010,2010-04
GW,2010-04-22,0,2009-2010,2010-04
GW,2010-04-26,0,2009-2010,2010-04
GW,2010-05-10,0,2009-2010,2010-05
GW,2010-05-17,0,2009-2010,2010-05
GW,2010-06-14,0,2009-2010,2010-06
GW,2010-08-26,0,2010-2011,2010-08
GW,2010-08-30,0,2010-2011,2010-08
GW,2010-09-02,0,2010-2011,2010-09
GW,2010-09-07,0,2010-2011,2010-09
GW,2010-09-09,0,2010-2011,2010-09
GW,2010-09-13,0,2010-2011,2010-09
GW,2010-09-16,0,2010-2011,2010-09
GW,2010-09-20,0,2010-2011,2010-09
GW,2010-09-23,0,2010-2011,2010-09
GW,2010-09-27,0,2010-2011,2010-09
GW,2010-09-30,0,2010-2011,2010-09
GW,2010-10-04,0,2010-2011,2010-10
GW,2010-10-07,0,2010-2011,2010-10
GW,2010-10-11,0,2010-2011,2010-10
GW,2010-10-14,0,2010-2011,2010-10
GW,2010-10-18,0,2010-2011,2010-10
GW,2010-10-21,0,2010-2011,2010-10
GW,2010-10-25,0,2010-2011,2010-10
GW,2010-10-28,0,2010-2011,2010-10
GW,2010-11-01,0,2010-2011,2010-11
GW,2010-11-04,0,2010-2011,2010-11
GW,2010-11-08,0,2010-2011,2010-11
GW,2010-11-11,0,2010-2011,2010-11
GW,2010-11-15,0,2010-2011,2010-11
GW,2010-11-18,0,2010-2011,2010-11
GW,2010-11-22,0,2010-2011,2010-11
GW,2010-12-02,0,2010-2011,2010-12
GW,2010-12-06,0,2010-2011,2010-12
GW,2011-01-10,0,2010-2011,2011-01
GW,2011-01-13,0,2010-2011,2011-01
GW,2011-01-18,0,2010-2011,2011-01
GW,2011-01-20,0,2010-2011,2011-01
GW,2011-01-24,0,2010-2011,2011-01
GW,2011-01-27,0,2010-2011,2011-01
GW,2011-01-31,0,2010-2011,2011-01
GW,2011-02-03,0,2010-2011,2011-02
GW,2011-02-07,0,2010-2011,2011-02
GW,2011-02-10,0,2010-2011,2011-02
GW,2011-02-14,0,2010-2011,2011-02
GW,2011-02-17,0,2010-2011,2011-02
GW,2011-02-22,0,2010-2011,2011-02
GW,2011-02-24,0,2010-2011,2011-02
GW,2011-02-28,0,2010-2011,2011-02
GW,2011-03-03,0,2010-2011,2011-03
GW,2011-03-07,0,2010-2011,2011-03
GW,2011-03-10,0,2010-2011,2011-03
GW,2011-03-24,0,2010-2011,2011-03
GW,2011-03-28,0,2010-2011,2011-03
GW,2011-03-31,0,2010-2011,2011-03
GW,2011-04-04,0,2010-2011,2011-04
GW,2011-04-07,0,2010-2011,2011-04
GW,2011-04-11,0,2010-2011,2011-04
GW,2011-04-14,0,2010-2011,2011-04
GW,2011-04-18,0,2010-2011,2011-04
GW,2011-04-21,0,2010-2011,2011-04
GW,2011-04-25,0,2010-2011,2011-04
GW,2011-05-09,0,2010-2011,2011-05
GW,2011-05-16,0,2010-2011,2011-05
GW,2011-06-13,0,2010-2011,2011-06
GW,2011-08-25,0,2011-2012,2011-08
GW,2011-08-29,0,2011-2012,2011-08
GW,2011-09-01,0,2011-2012,2011-09
GW,2011-09-06,0,2011-2012,2011-09
GW,2011-09-08,0,2011-2012,2011-09
GW,2011-09-12,0,2011-2012,2011-09
GW,2011-09-15,0,2011-2012,2011-09
GW,2011-09-19,0,2011-2012,2011-09
GW,2011-09-22,0,2011-2012,2011-09
GW,2011-09-26,0,2011-2012,2011-09
GW,2011-09-29,0,2011-2012,2011-09
GW,2011-10-03,0,2011-2012,2011-10
GW,2011-10-06,0,2011-2012,2011-10
GW,2011-10-10,0,2011-2012,2011-10
GW,2011-10-13,0,2011-2012,2011-10
GW,2011-10-17,0,2011-2012,2011-10
GW,2011-10-20,0,2011-2012,2011-10
GW,2011-10-24,0,2011-2012,2011-10
GW,2011-10-27,0,2011-2012,2011-10
GW,2011-10-31,0,2011-2012,2011-10
GW,2011-11-03,0,2011-2012,2011-11
GW,2011-11-07,0,2011-2012,2011-11
GW,2011-11-10,0,2011-2012,2011-11
GW,2011-11-14,0,2011-2012,2011-11
GW,2011-11-17,0,2011-2012,2011-11
GW,2011-11-21,0,2011-2012,2011-11
GW,2011-12-01,0,2011-2012,2011-12
GW,2011-12-05,0,2011-2012,2011-12
GW,2011-12-08,0,2011-2012,2011-12
GW,2012-01-17,0,2011-2012,2012-01
GW,2012-01-19,0,2011-2012,2012-01
GW,2012-01-23,0,2011-2012,2012-01
GW,2012-01-26,1,2011-2012,2012-01
GW,2012-01-30,0,2011-2012,2012-01
GW,2012-02-02,0,2011-2012,2012-02
GW,2012-02-06,0,2011-2012,2012-02
GW,2012-02-09,0,2011-2012,2012-02
GW,2012-02-13,1,2011-2012,2012-02
GW,2012-02-16,1,2011-2012,2012-02
GW,2012-02-21,1,2011-2012,2012-02
GW,2012-02-23,0,2011-2012,2012-02
GW,2012-02-27,1,2011-2012,2012-02
GW,2012-03-01,0,2011-2012,2012-03
GW,2012-03-05,0,2011-2012,2012-03
GW,2012-03-08,0,2011-2012,2012-03
GW,2012-03-22,0,2011-2012,2012-03
GW,2012-03-26,0,2011-2012,2012-03
GW,2012-03-29,0,2011-2012,2012-03
GW,2012-04-02,0,2011-2012,2012-04
GW,2012-04-05,0,2011-2012,2012-04
GW,2012-04-09,1,2011-2012,2012-04
GW,2012-04-12,0,2011-2012,2012-04
GW,2012-04-16,0,2011-2012,2012-04
GW,2012-04-19,0,2011-2012,2012-04
GW,2012-04-23,0,2011-2012,2012-04
GW,2012-04-26,0,2011-2012,2012-04
GW,2012-04-30,0,2011-2012,2012-04
GW,2012-05-14,0,2011-2012,2012-05
GW,2012-05-21,0,2011-2012,2012-05
GW,2012-06-12,0,2011-2012,2012-06
GW,2012-08-23,1,2012-2013,2012-08
GW,2012-08-27,0,2012-2013,2012-08
GW,2012-08-30,1,2012-2013,2012-08
GW,2012-09-04,0,2012-2013,2012-09
GW,2012-09-06,0,2012-2013,2012-09
GW,2012-09-10,0,2012-2013,2012-09
GW,2012-09-13,0,2012-2013,2012-09
GW,2012-09-17,1,2012-2013,2012-09
GW,2012-09-20,0,2012-2013,2012-09
GW,2012-09-24,0,2012-2013,2012-09
GW,2012-09-27,0,2012-2013,2012-09
GW,2012-10-01,0,2012-2013,2012-10
GW,2012-10-04,0,2012-2013,2012-10
GW,2012-10-08,0,2012-2013,2012-10
GW,2012-10-11,0,2012-2013,2012-10
GW,2012-10-15,1,2012-2013,2012-10
GW,2012-10-18,0,2012-2013,2012-10
GW,2012-10-22,0,2012-2013,2012-10
GW,2012-10-25,0,2012-2013,2012-10
GW,2012-10-29,0,2012-2013,2012-10
GW,2012-11-01,0,2012-2013,2012-11
GW,2012-11-05,1,2012-2013,2012-11
GW,2012-11-08,0,2012-2013,2012-11
GW,2012-11-12,0,2012-2013,2012-11
GW,2012-11-15,0,2012-2013,2012-11
GW,2012-11-19,0,2012-2013,2012-11
GW,2012-11-29,0,2012-2013,2012-11
GW,2012-12-03,1,2012-2013,2012-12
GW,2012-12-06,0,2012-2013,2012-12
GW,2013-01-14,0,2012-2013,2013-01
GW,2013-01-17,0,2012-2013,2013-01
GW,2013-01-21,1,2012-2013,2013-01
GW,2013-01-24,0,2012-2013,2013-01
GW,2013-01-28,1,2012-2013,2013-01
GW,2013-01-31,0,2012-2013,2013-01
GW,2013-02-04,0,2012-2013,2013-02
GW,2013-02-07,0,2012-2013,2013-02
GW,2013-02-11,1,2012-2013,2013-02
GW,2013-02-14,0,2012-2013,2013-02
GW,2013-02-19,0,2012-2013,2013-02
GW,2013-02-21,0,2012-2013,2013-02
GW,2013-02-25,0,2012-2013,2013-02
GW,2013-02-28,0,2012-2013,2013-02
GW,2013-03-04,0,2012-2013,2013-03
GW,2013-03-07,0,2012-2013,2013-03
GW,2013-03-21,1,2012-2013,2013-03
GW,2013-03-25,1,2012-2013,2013-03
GW,2013-03-28,1,2012-2013,2013-03
GW,2013-04-01,0,2012-2013,2013-04
GW,2013-04-04,0,2012-2013,2013-04
GW,2013-04-08,0,2012-2013,2013-04
GW,2013-04-11,0,2012-2013,2013-04
GW,2013-04-15,0,2012-2013,2013-04
GW,2013-04-18,0,2012-2013,2013-04
GW,2013-04-22,0,2012-2013,2013-04
GW,2013-04-25,0,2012-2013,2013-04
GW,2013-04-29,0,2012-2013,2013-04
GW,2013-05-13,0,2012-2013,2013-05
GW,2013-05-20,0,2012-2013,2013-05
GW,2013-06-11,1,2012-2013,2013-06
GW,2013-08-22,1,2013-2014,2013-08
GW,2013-08-26,0,2013-2014,2013-08
GW,2013-08-29,1,2013-2014,2013-08
GW,2013-09-03,0,2013-2014,2013-09
GW,2013-09-09,1,2013-2014,2013-09
GW,2013-09-16,0,2013-2014,2013-09
GW,2013-09-23,0,2013-2014,2013-09
GW,2013-09-30,1,2013-2014,2013-09
GW,2013-10-04,0,2013-2014,2013-10
GW,2013-10-07,0,2013-2014,2013-10
GW,2013-10-14,0,2013-2014,2013-10
GW,2013-10-21,0,2013-2014,2013-10
GW,2013-10-28,0,2013-2014,2013-10
GW,2013-11-04,0,2013-2014,2013-11
GW,2013-11-11,0,2013-2014,2013-11
GW,2013-11-18,0,2013-2014,2013-11
GW,2013-11-25,0,2013-2014,2013-11
GW,2013-12-05,0,2013-2014,2013-12
GW,2014-01-12,0,2013-2014,2014-01
GW,2014-01-13,0,2013-2014,2014-01
GW,2014-01-21,0,2013-2014,2014-01
GW,2014-01-27,0,2013-2014,2014-01
GW,2014-02-03,0,2013-2014,2014-02
GW,2014-02-06,0,2013-2014,2014-02
GW,2014-02-10,0,2013-2014,2014-02
GW,2014-02-13,0,2013-2014,2014-02
GW,2014-02-18,0,2013-2014,2014-02
GW,2014-02-24,0,2013-2014,2014-02
GW,2014-03-03,0,2013-2014,2014-03
GW,2014-03-20,0,2013-2014,2014-03
GW,2014-03-24,0,2013-2014,2014-03
GW,2014-03-31,0,2013-2014,2014-03
GW,2014-04-01,0,2013-2014,2014-04
GW,2014-04-07,0,2013-2014,2014-04
GW,2014-04-14,0,2013-2014,2014-04
GW,2014-04-21,0,2013-2014,2014-04
GW,2014-04-28,0,2013-2014,2014-04
GW,2014-05-12,0,2013-2014,2014-05
GW,2014-05-19,0,2013-2014,2014-05
GW,2014-06-10,0,2013-2014,2014-06
GW,2014-08-21,0,2014-2015,2014-08
GW,2014-08-25,0,2014-2015,2014-08
GW,2014-09-02,0,2014-2015,2014-09
GW,2014-09-08,0,2014-2015,2014-09
GW,2014-09-11,0,2014-2015,2014-09
GW,2014-09-15,0,2014-2015,2014-09
GW,2014-09-22,0,2014-2015,2014-09
GW,2014-09-25,0,2014-2015,2014-09
GW,2014-09-29,0,2014-2015,2014-09
GW,2014-10-02,0,2014-2015,2014-10
GW,2014-10-06,0,2014-2015,2014-10
GW,2014-10-09,0,2014-2015,2014-10
GW,2014-10-13,0,2014-2015,2014-10
GW,2014-10-16,0,2014-2015,2014-10
GW,2014-10-20,0,2014-2015,2014-10
GW,2014-10-23,0,2014-2015,2014-10
GW,2014-10-27,0,2014-2015,2014-10
GW,2014-10-30,0,2014-2015,2014-10
GW,2014-11-03,0,2014-2015,2014-11
GW,2014-11-06,0,2014-2015,2014-11
GW,2014-11-10,0,2014-2015,2014-11
GW,2014-11-13,0,2014-2015,2014-11
GW,2014-11-17,0,2014-2015,2014-11
GW,2014-11-20,0,2014-2015,2014-11
GW,2014-11-24,0,2014-2015,2014-11
GW,2014-12-04,0,2014-2015,2014-12
GW,2015-01-12,0,2014-2015,2015-01
GW,2015-01-15,0,2014-2015,2015-01
GW,2015-01-20,0,2014-2015,2015-01
GW,2015-01-22,0,2014-2015,2015-01
GW,2015-01-26,0,2014-2015,2015-01
GW,2015-01-29,0,2014-2015,2015-01
GW,2015-02-02,0,2014-2015,2015-02
GW,2015-02-05,0,2014-2015,2015-02
GW,2015-02-09,0,2014-2015,2015-02
GW,2015-02-12,0,2014-2015,2015-02
GW,2015-02-17,0,2014-2015,2015-02
GW,2015-02-23,0,2014-2015,2015-02
GW,2015-02-26,0,2014-2015,2015-02
GW,2015-03-02,0,2014-2015,2015-03
GW,2015-03-05,0,2014-2015,2015-03
GW,2015-03-19,0,2014-2015,2015-03
GW,2015-03-23,0,2014-2015,2015-03
GW,2015-03-27,0,2014-2015,2015-03
GW,2015-03-30,0,2014-2015,2015-03
GW,2015-04-01,0,2014-2015,2015-04
GW,2015-04-06,0,2014-2015,2015-04
GW,2015-04-09,0,2014-2015,2015-04
GW,2015-04-13,0,2014-2015,2015-04
GW,2015-04-16,0,2014-2015,2015-04
GW,2015-04-20,0,2014-2015,2015-04
GW,2015-04-23,0,2014-2015,2015-04
GW,2015-04-27,0,2014-2015,2015-04
GW,2015-05-11,0,2014-2015,2015-05
GW,2015-05-18,0,2014-2015,2015-05
GW,2015-06-09,0,2014-2015,2015-06
GW,2015-08-31,0,2015-2016,2015-08
GW,2015-09-03,0,2015-2016,2015-09
GW,2015-09-08,0,2015-2016,2015-09
GW,2015-09-10,0,2015-2016,2015-09
GW,2015-09-14,0,2015-2016,2015-09
GW,2015-09-17,0,2015-2016,2015-09
GW,2015-09-21,0,2015-2016,2015-09
GW,2015-09-24,0,2015-2016,2015-09
GW,2015-09-28,0,2015-2016,2015-09
GW,2015-10-01,0,2015-2016,2015-10
GW,2015-10-05,0,2015-2016,2015-10
GW,2015-10-08,0,2015-2016,2015-10
GW,2015-10-12,0,2015-2016,2015-10
GW,2015-10-15,0,2015-2016,2015-10
GW,2015-10-19,0,2015-2016,2015-10
GW,2015-10-22,0,2015-2016,2015-10
GW,2015-10-26,0,2015-2016,2015-10
GW,2015-11-02,0,2015-2016,2015-11
GW,2015-11-05,0,2015-2016,2015-11
GW,2015-11-09,0,2015-2016,2015-11
GW,2015-11-12,0,2015-2016,2015-11
GW,2015-11-16,0,2015-2016,2015-11
GW,2015-11-19,0,2015-2016,2015-11
GW,2015-11-23,0,2015-2016,2015-11
GW,2015-12-03,0,2015-2016,2015-12
GW,2015-12-07,0,2015-2016,2015-12
GW,2016-01-14,0,2015-2016,2016-01
GW,2016-01-19,0,2015-2016,2016-01
GW,2016-01-21,0,2015-2016,2016-01
GW,2016-01-25,0,2015-2016,2016-01
GW,2016-01-28,0,2015-2016,2016-01
GW,2016-02-01,0,2015-2016,2016-02
GW,2016-02-04,0,2015-2016,2016-02
GW,2016-02-08,0,2015-2016,2016-02
GW,2016-02-11,0,2015-2016,2016-02
GW,2016-02-16,0,2015-2016,2016-02
GW,2016-02-18,0,2015-2016,2016-02
GW,2016-02-22,0,2015-2016,2016-02
GW,2016-02-25,0,2015-2016,2016-02
GW,2016-02-29,0,2015-2016,2016-02
GW,2016-03-07,0,2015-2016,2016-03
GW,2016-03-24,0,2015-2016,2016-03
GW,2016-03-28,0,2015-2016,2016-03
GW,2016-04-04,0,2015-2016,2016-04
GW,2016-04-07,0,2015-2016,2016-04
GW,2016-04-11,0,2015-2016,2016-04
GW,2016-04-14,0,2015-2016,2016-04
GW,2016-04-18,0,2015-2016,2016-04
GW,2016-04-21,0,2015-2016,2016-04
GW,2016-04-25,0,2015-2016,2016-04
GW,2016-04-28,0,2015-2016,2016-04
GW,2016-05-09,0,2015-2016,2016-05
GW,2016-05-16,0,2015-2016,2016-05
GW,2016-06-06,0,2015-2016,2016-06
GW,2016-08-29,0,2016-2017,2016-08
GW,2016-09-01,0,2016-2017,2016-09
GW,2016-09-06,0,2016-2017,2016-09
GW,2016-09-08,0,2016-2017,2016-09
GW,2016-09-12,0,2016-2017,2016-09
GW,2016-09-15,0,2016-2017,2016-09
GW,2016-09-19,0,2016-2017,2016-09
GW,2016-09-22,0,2016-2017,2016-09
GW,2016-09-26,0,2016-2017,2016-09
GW,2016-09-29,0,2016-2017,2016-09
GW,2016-10-03,0,2016-2017,2016-10
GW,2016-10-06,0,2016-2017,2016-10
GW,2016-10-10,0,2016-2017,2016-10
GW,2016-10-13,0,2016-2017,2016-10
GW,2016-10-17,0,2016-2017,2016-10
GW,2016-10-21,0,2016-2017,2016-10
GW,2016-10-31,0,2016-2017,2016-10
GW,2016-11-03,0,2016-2017,2016-11
GW,2016-11-07,0,2016-2017,2016-11
GW,2016-11-14,0,2016-2017,2016-11
GW,2016-11-17,0,2016-2017,2016-11
GW,2016-11-21,0,2016-2017,2016-11
GW,2016-12-01,0,2016-2017,2016-12
GW,2016-12-05,0,2016-2017,2016-12
GW,2016-12-08,0,2016-2017,2016-12
GW,2017-01-17,0,2016-2017,2017-01
GW,2017-01-23,0,2016-2017,2017-01
GW,2017-01-26,0,2016-2017,2017-01
GW,2017-01-30,0,2016-2017,2017-01
GW,2017-02-02,0,2016-2017,2017-02
GW,2017-02-06,0,2016-2017,2017-02
GW,2017-02-09,0,2016-2017,2017-02
GW,2017-02-13,0,2016-2017,2017-02
GW,2017-02-16,0,2016-2017,2017-02
GW,2017-02-21,0,2016-2017,2017-02
GW,2017-02-23,0,2016-2017,2017-02
GW,2017-03-02,0,2016-2017,2017-03
GW,2017-03-06,0,2016-2017,2017-03
GW,2017-03-09,0,2016-2017,2017-03
GW,2017-03-27,0,2016-2017,2017-03
GW,2017-04-03,0,2016-2017,2017-04
GW,2017-04-06,0,2016-2017,2017-04
GW,2017-04-10,0,2016-2017,2017-04
GW,2017-04-13,0,2016-2017,2017-04
GW,2017-04-17,0,2016-2017,2017-04
GW,2017-04-20,0,2016-2017,2017-04
GW,2017-04-24,0,2016-2017,2017-04
GW,2017-05-01,0,2016-2017,2017-05
GW,2017-05-04,0,2016-2017,2017-05
GW,2017-05-15,0,2016-2017,2017-05
GW,2017-05-22,0,2016-2017,2017-05
GW,2017-06-12,0,2016-2017,2017-06
GW,2017-08-28,0,2017-2018,2017-08
GW,2017-08-31,0,2017-2018,2017-08
GW,2017-09-05,0,2017-2018,2017-09
GW,2017-09-07,0,2017-2018,2017-09
GW,2017-09-11,0,2017-2018,2017-09
GW,2017-09-14,0,2017-2018,2017-09
GW,2017-09-18,0,2017-2018,2017-09
GW,2017-09-21,0,2017-2018,2017-09
GW,2017-09-25,0,2017-2018,2017-09
GW,2017-09-28,0,2017-2018,2017-09
GW,2017-10-02,0,2017-2018,2017-10
GW,2017-10-05,0,2017-2018,2017-10
GW,2017-10-12,0,2017-2018,2017-10
GW,2017-10-16,0,2017-2018,2017-10
GW,2017-10-19,0,2017-2018,2017-10
GW,2017-10-23,0,2017-2018,2017-10
GW,2017-10-26,0,2017-2018,2017-10
GW,2017-10-30,0,2017-2018,2017-10
GW,2017-11-02,0,2017-2018,2017-11
GW,2017-11-06,0,2017-2018,2017-11
GW,2017-11-09,0,2017-2018,2017-11
GW,2017-11-13,0,2017-2018,2017-11
GW,2017-11-16,0,2017-2018,2017-11
GW,2017-11-20,0,2017-2018,2017-11
GW,2017-11-30,0,2017-2018,2017-11
GW,2017-12-04,0,2017-2018,2017-12
GW,2017-12-07,0,2017-2018,2017-12
GW,2018-01-16,0,2017-2018,2018-01
GW,2018-01-18,0,2017-2018,2018-01
GW,2018-01-22,0,2017-2018,2018-01
GW,2018-01-25,0,2017-2018,2018-01
GW,2018-01-29,0,2017-2018,2018-01
GW,2018-02-01,0,2017-2018,2018-02
GW,2018-02-05,0,2017-2018,2018-02
GW,2018-02-08,0,2017-2018,2018-02
GW,2018-02-12,0,2017-2018,2018-02
GW,2018-02-15,0,2017-2018,2018-02
GW,2018-02-20,0,2017-2018,2018-02
GW,2018-02-22,0,2017-2018,2018-02
GW,2018-02-26,0,2017-2018,2018-02
GW,2018-03-01,0,2017-2018,2018-03
GW,2018-03-05,0,2017-2018,2018-03
GW,2018-03-08,0,2017-2018,2018-03
GW,2018-03-22,0,2017-2018,2018-03
GW,2018-03-26,0,2017-2018,2018-03
GW,2018-04-02,0,2017-2018,2018-04
GW,2018-04-05,0,2017-2018,2018-04
GW,2018-04-09,0,2017-2018,2018-04
GW,2018-04-12,0,2017-2018,2018-04
GW,2018-04-16,0,2017-2018,2018-04
GW,2018-04-19,0,2017-2018,2018-04
GW,2018-04-23,0,2017-2018,2018-04
GW,2018-04-26,0,2017-2018,2018-04
GW,2018-04-30,0,2017-2018,2018-04
GW,2018-05-03,0,2017-2018,2018-05
GW,2018-05-14,0,2017-2018,2018-05
GW,2018-05-21,0,2017-2018,2018-05
GW,2018-06-11,0,2017-2018,2018-06
GW,2018-08-27,0,2018-2019,2018-08
GW,2018-08-30,0,2018-2019,2018-08
GW,2018-09-04,0,2018-2019,2018-09
GW,2018-09-06,0,2018-2019,2018-09
GW,2018-09-10,0,2018-2019,2018-09
GW,2018-09-13,0,2018-2019,2018-09
GW,2018-09-17,0,2018-2019,2018-09
GW,2018-09-20,0,2018-2019,2018-09
GW,2018-09-24,0,2018-2019,2018-09
GW,2018-09-27,0,2018-2019,2018-09
GW,2018-10-01,0,2018-2019,2018-10
GW,2018-10-04,0,2018-2019,2018-10
GW,2018-10-11,0,2018-2019,2018-10
GW,2018-10-15,0,2018-2019,2018-10
GW,2018-10-18,0,2018-2019,2018-10
GW,2018-10-22,0,2018-2019,2018-10
GW,2018-10-25,0,2018-2019,2018-10
GW,2018-10-29,0,2018-2019,2018-10
GW,2018-11-01,0,2018-2019,2018-11
GW,2018-11-05,0,2018-2019,2018-11
GW,2018-11-08,0,2018-2019,2018-11
GW,2018-11-12,0,2018-2019,2018-11
GW,2018-11-15,0,2018-2019,2018-11
GW,2018-11-19,0,2018-2019,2018-11
GW,2018-11-29,0,2018-2019,2018-11
GW,2018-12-03,0,2018-2019,2018-12
GW,2018-12-06,0,2018-2019,2018-12
GW,2018-12-10,0,2018-2019,2018-12
GW,2019-01-14,0,2018-2019,2019-01
GW,2019-01-17,0,2018-2019,2019-01
GW,2019-01-22,0,2018-2019,2019-01
GW,2019-01-24,0,2018-2019,2019-01
GW,2019-01-28,0,2018-2019,2019-01
GW,2019-01-31,0,2018-2019,2019-01
GW,2019-02-04,0,2018-2019,2019-02
GW,2019-02-07,0,2018-2019,2019-02
GW,2019-02-11,0,2018-2019,2019-02
GW,2019-02-14,0,2018-2019,2019-02
GW,2019-02-19,0,2018-2019,2019-02
GW,2019-02-21,0,2018-2019,2019-02
GW,2019-02-25,0,2018-2019,2019-02
GW,2019-02-28,0,2018-2019,2019-02
GW,2019-03-04,0,2018-2019,2019-03
GW,2019-03-07,0,2018-2019,2019-03
GW,2019-03-21,0,2018-2019,2019-03
GW,2019-03-25,0,2018-2019,2019-03
GW,2019-03-28,0,2018-2019,2019-03
GW,2019-04-01,0,2018-2019,2019-04
GW,2019-04-04,0,2018-2019,2019-04
GW,2019-04-08,0,2018-2019,2019-04
GW,2019-04-11,0,2018-2019,2019-04
GW,2019-04-15,0,2018-2019,2019-04
GW,2019-04-18,0,2018-2019,2019-04
GW,2019-04-22,0,2018-2019,2019-04
GW,2019-04-29,0,2018-2019,2019-04
GW,2019-05-02,0,2018-2019,2019-05
GW,2019-05-13,0,2018-2019,2019-05
GW,2019-05-20,0,2018-2019,2019-05
GW,2019-08-19,0,2019-2020,2019-08
GW,2019-08-26,0,2019-2020,2019-08
GW,2019-08-29,0,2019-2020,2019-08
GW,2019-09-03,0,2019-2020,2019-09
GW,2019-09-05,0,2019-2020,2019-09
GW,2019-09-09,0,2019-2020,2019-09
GW,2019-09-12,0,2019-2020,2019-09
GW,2019-09-16,0,2019-2020,2019-09
GW,2019-09-19,0,2019-2020,2019-09
GW,2019-09-23,0,2019-2020,2019-09
GW,2019-09-26,0,2019-2020,2019-09
GW,2019-09-30,0,2019-2020,2019-09
GW,2019-10-03,0,2019-2020,2019-10
GW,2019-10-07,0,2019-2020,2019-10
GW,2019-10-10,0,2019-2020,2019-10
GW,2019-10-14,0,2019-2020,2019-10
GW,2019-10-17,0,2019-2020,2019-10
GW,2019-10-24,0,2019-2020,2019-10
GW,2019-10-28,0,2019-2020,2019-10
GW,2019-10-31,0,2019-2020,2019-10
GW,2019-11-04,0,2019-2020,2019-11
GW,2019-11-07,0,2019-2020,2019-11
GW,2019-11-11,0,2019-2020,2019-11
GW,2019-11-14,0,2019-2020,2019-11
GW,2019-11-18,0,2019-2020,2019-11
GW,2019-11-21,0,2019-2020,2019-11
GW,2019-11-25,0,2019-2020,2019-11
GW,2019-12-05,0,2019-2020,2019-12
GW,2020-01-13,0,2019-2020,2020-01
GW,2020-01-16,0,2019-2020,2020-01
GW,2020-01-21,0,2019-2020,2020-01
GW,2020-01-23,0,2019-2020,2020-01
GW,2020-01-27,0,2019-2020,2020-01
GW,2020-01-30,0,2019-2020,2020-01
GW,2020-02-03,0,2019-2020,2020-02
GW,2020-02-06,0,2019-2020,2020-02
GW,2020-02-10,0,2019-2020,2020-02
GW,2020-02-13,0,2019-2020,2020-02
GW,2020-02-18,0,2019-2020,2020-02
GW,2020-02-20,0,2019-2020,2020-02
GW,2020-02-24,0,2019-2020,2020-02
GW,2020-02-27,0,2019-2020,2020-02
GW,2020-03-02,0,2019-2020,2020-03
GW,2020-03-03,0,2019-2020,2020-03
GW,2020-03-05,0,2019-2020,2020-03
GW,2020-03-09,0,2019-2020,2020-03
GW,2020-03-12,0,2019-2020,2020-03
GW,2020-03-26,0,2019-2020,2020-03
GW,2020-03-30,0,2019-2020,2020-03
GW,2020-04-02,0,2019-2020,2020-04
GW,2020-04-06,0,2019-2020,2020-04
GW,2020-04-09,0,2019-2020,2020-04
GW,2020-04-13,0,2019-2020,2020-04
GW,2020-04-16,0,2019-2020,2020-04
GW,2020-04-20,0,2019-2020,2020-04
GW,2020-04-23,0,2019-2020,2020-04
GW,2020-04-27,0,2019-2020,2020-04
GW,2020-05-11,0,2019-2020,2020-05
GW,2020-05-18,0,2019-2020,2020-05
GW,2020-05-29,0,2019-2020,2020-05
GW,2020-06-05,0,2019-2020,2020-06
GW,2020-06-12,0,2019-2020,2020-06
GW,2020-06-19,0,2019-2020,2020-06
GW,2020-06-26,0,2019-2020,2020-06
GW,2020-07-03,0,2019-2020,2020-07
GW,2020-07-10,0,2019-2020,2020-07
GW,2020-07-17,0,2019-2020,2020-07
GW,2020-07-24,0,2019-2020,2020-07
GW,2020-07-31,0,2019-2020,2020-07
GW,2020-08-07,0,2020-2021,2020-08
GW,2020-08-21,0,2020-2021,2020-08
GW,2020-08-24,0,2020-2021,2020-08
GW,2020-08-31,0,2020-2021,2020-08
GW,2020-09-03,0,2020-2021,2020-09
GW,2020-09-08,0,2020-2021,2020-09
GW,2020-09-10,0,2020-2021,2020-09
GW,2020-09-14,0,2020-2021,2020-09
GW,2020-09-17,0,2020-2021,2020-09
GW,2020-09-21,1,2020-2021,2020-09
GW,2020-09-24,0,2020-2021,2020-09
GW,2020-09-28,0,2020-2021,2020-09
GW,2020-10-01,1,2020-2021,2020-10
GW,2020-10-05,0,2020-2021,2020-10
GW,2020-10-08,0,2020-2021,2020-10
GW,2020-10-12,0,2020-2021,2020-10
GW,2020-10-15,0,2020-2021,2020-10
GW,2020-10-19,0,2020-2021,2020-10
GW,2020-10-22,0,2020-2021,2020-10
GW,2020-10-26,0,2020-2021,2020-10
GW,2020-10-29,0,2020-2021,2020-10
GW,2020-11-02,1,2020-2021,2020-11
GW,2020-11-05,1,2020-2021,2020-11
GW,2020-11-09,1,2020-2021,2020-11
GW,2020-11-12,1,2020-2021,2020-11
GW,2020-11-16,0,2020-2021,2020-11
GW,2020-11-19,0,2020-2021,2020-11
GW,2020-11-23,0,2020-2021,2020-11
GW,2020-12-03,0,2020-2021,2020-12
GW,2020-12-07,0,2020-2021,2020-12
GW,2020-12-24,0,2020-2021,2020-12
GW,2020-12-31,0,2020-2021,2020-12
GW,2021-01-11,0,2020-2021,2021-01
GW,2021-01-13,0,2020-2021,2021-01
GW,2021-01-14,0,2020-2021,2021-01
GW,2021-01-18,0,2020-2021,2021-01
GW,2021-01-19,1,2020-2021,2021-01
GW,2021-01-21,1,2020-2021,2021-01
GW,2021-01-25,1,2020-2021,2021-01
GW,2021-01-28,0,2020-2021,2021-01
GW,2021-02-01,1,2020-2021,2021-02
GW,2021-02-04,1,2020-2021,2021-02
GW,2021-02-08,0,2020-2021,2021-02
GW,2021-02-11,0,2020-2021,2021-02
GW,2021-02-16,0,2020-2021,2021-02
GW,2021-02-18,0,2020-2021,2021-02
GW,2021-02-22,0,2020-2021,2021-02
GW,2021-02-25,0,2020-2021,2021-02
GW,2021-03-01,1,2020-2021,2021-03
GW,2021-03-04,0,2020-2021,2021-03
GW,2021-03-08,0,2020-2021,2021-03
GW,2021-03-10,0,2020-2021,2021-03
GW,2021-03-11,0,2020-2021,2021-03
GW,2021-03-25,1,2020-2021,2021-03
GW,2021-03-29,0,2020-2021,2021-03
GW,2021-04-01,0,2020-2021,2021-04
GW,2021-04-05,0,2020-2021,2021-04
GW,2021-04-08,0,2020-2021,2021-04
GW,2021-04-12,0,2020-2021,2021-04
GW,2021-04-15,0,2020-2021,2021-04
GW,2021-04-19,0,2020-2021,2021-04
GW,2021-04-22,0,2020-2021,2021-04
GW,2021-04-26,0,2020-2021,2021-04
GW,2021-04-29,0,2020-2021,2021-04
GW,2021-05-10,0,2020-2021,2021-05
GW,2021-05-13,0,2020-2021,2021-05
GW,2021-05-17,0,2020-2021,2021-05
GW,2021-05-24,0,2020-2021,2021-05
GW,2021-06-04,0,2020-2021,2021-06
GW,2021-06-11,0,2020-2021,2021-06
GW,2021-06-17,0,2020-2021,2021-06
GW,2021-06-18,0,2020-2021,2021-06
GW,2021-06-25,0,2020-2021,2021-06
GW,2021-07-02,0,2020-2021,2021-07
GW,2021-07-09,0,2020-2021,2021-07
GW,2021-07-16,0,2020-2021,2021-07
GW,2021-07-23,0,2020-2021,2021-07
GW,2021-07-30,0,2020-2021,2021-07
GW,2021-08-06,0,2021-2022,2021-08
GW,2021-08-23,0,2021-2022,2021-08
GW,2021-08-30,0,2021-2022,2021-08
GW,2021-09-02,0,2021-2022,2021-09
GW,2021-09-07,0,2021-2022,2021-09
GW,2021-09-09,0,2021-2022,2021-09
GW,2021-09-13,0,2021-2022,2021-09
GW,2021-09-16,0,2021-2022,2021-09
GW,2021-09-20,0,2021-2022,2021-09
GW,2021-09-23,0,2021-2022,2021-09
GW,2021-09-27,0,2021-2022,2021-09
GW,2021-09-30,0,2021-2022,2021-09
GW,2021-10-04,0,2021-2022,2021-10
GW,2021-10-07,0,2021-2022,2021-10
GW,2021-10-11,0,2021-2022,2021-10
GW,2021-10-14,0,2021-2022,2021-10
GW,2021-10-18,0,2021-2022,2021-10
GW,2021-10-21,0,2021-2022,2021-10
GW,2021-10-28,0,2021-2022,2021-10
GW,2021-11-01,0,2021-2022,2021-11
GW,2021-11-04,0,2021-2022,2021-11
GW,2021-11-08,0,2021-2022,2021-11
GW,2021-11-11,0,2021-2022,2021-11
GW,2021-11-15,0,2021-2022,2021-11
GW,2021-11-18,1,2021-2022,2021-11
GW,2021-11-22,0,2021-2022,2021-11
GW,2021-12-02,0,2021-2022,2021-12
GW,2021-12-06,0,2021-2022,2021-12
GW,2021-12-13,0,2021-2022,2021-12
GW,2021-12-23,0,2021-2022,2021-12
GW,2021-12-30,0,2021-2022,2021-12
GW,2022-01-10,1,2021-2022,2022-01
GW,2022-01-13,1,2021-2022,2022-01
GW,2022-01-18,0,2021-2022,2022-01
GW,2022-01-20,0,2021-2022,2022-01
GW,2022-01-24,1,2021-2022,2022-01
GW,2022-01-27,0,2021-2022,2022-01
GW,2022-01-31,1,2021-2022,2022-01
GW,2022-02-03,1,2021-2022,2022-02
GW,2022-02-07,0,2021-2022,2022-02
GW,2022-02-10,0,2021-2022,2022-02
GW,2022-02-14,0,2021-2022,2022-02
GW,2022-02-17,1,2021-2022,2022-02
GW,2022-02-24,1,2021-2022,2022-02
GW,2022-02-27,0,2021-2022,2022-02
GW,2022-02-28,0,2021-2022,2022-02
GW,2022-03-03,1,2021-2022,2022-03
GW,2022-03-07,0,2021-2022,2022-03
GW,2022-03-10,1,2021-2022,2022-03
GW,2022-03-23,0,2021-2022,2022-03
GW,2022-03-24,1,2021-2022,2022-03
GW,2022-03-28,0,2021-2022,2022-03
GW,2022-03-31,0,2021-2022,2022-03
GW,2022-04-04,0,2021-2022,2022-04
GW,2022-04-07,1,2021-2022,2022-04
GW,2022-04-11,0,2021-2022,2022-04
GW,2022-04-14,0,2021-2022,2022-04
GW,2022-04-18,1,2021-2022,2022-04
GW,2022-04-21,1,2021-2022,2022-04
GW,2022-04-25,1,2021-2022,2022-04
GW,2022-04-28,1,2021-2022,2022-04
GW,2022-05-02,1,2021-2022,2022-05
GW,2022-05-05,0,2021-2022,2022-05
GW,2022-05-09,0,2021-2022,2022-05
GW,2022-05-16,1,2021-2022,2022-05
GW,2022-05-19,0,2021-2022,2022-05
GW,2022-06-10,0,2021-2022,2022-06
GW,2022-06-17,1,2021-2022,2022-06
GW,2022-06-24,1,2021-2022,2022-06
GW,2022-07-01,0,2021-2022,2022-07
GW,2022-07-08,0,2021-2022,2022-07
GW,2022-07-15,0,2021-2022,2022-07
GW,2022-07-22,0,2021-2022,2022-07
GW,2022-07-29,0,2021-2022,2022-07
GW,2022-08-05,1,2022-2023,2022-08
GW,2022-08-12,0,2022-2023,2022-08
GW,2022-08-22,0,2022-2023,2022-08
GW,2022-08-29,1,2022-2023,2022-08
GW,2022-09-01,0,2022-2023,2022-09
GW,2022-09-05,0,2022-2023,2022-09
GW,2022-09-08,0,2022-2023,2022-09
GW,2022-09-12,0,2022-2023,2022-09
GW,2022-09-15,0,2022-2023,2022-09
GW,2022-09-19,0,2022-2023,2022-09
GW,2022-09-22,1,2022-2023,2022-09
GW,2022-09-26,0,2022-2023,2022-09
GW,2022-09-29,0,2022-2023,2022-09
GW,2022-10-03,1,2022-2023,2022-10
GW,2022-10-06,0,2022-2023,2022-10
GW,2022-10-10,0,2022-2023,2022-10
GW,2022-10-13,0,2022-2023,2022-10
GW,2022-10-17,0,2022-2023,2022-10
GW,2022-10-20,0,2022-2023,2022-10
GW,2022-10-27,1,2022-2023,2022-10
GW,2022-10-31,1,2022-2023,2022-10
GW,2022-11-03,0,2022-2023,2022-11
GW,2022-11-07,1,2022-2023,2022-11
GW,2022-11-10,1,2022-2023,2022-11
GW,2022-11-14,1,2022-2023,2022-11
GW,2022-11-17,0,2022-2023,2022-11
GW,2022-11-21,0,2022-2023,2022-11
GW,2022-11-24,0,2022-2023,2022-11
GW,2022-12-01,0,2022-2023,2022-12
GW,2022-12-05,0,2022-2023,2022-12
GW,2022-12-12,0,2022-2023,2022-12
GW,2022-12-18,0,2022-2023,2022-12
GW,2022-12-30,1,2022-2023,2022-12
GW,2023-01-17,0,2022-2023,2023-01
GW,2023-01-19,0,2022-2023,2023-01
GW,2023-01-23,1,2022-2023,2023-01
GW,2023-01-26,0,2022-2023,2023-01
GW,2023-01-30,0,2022-2023,2023-01
GW,2023-02-02,0,2022-2023,2023-02
GW,2023-02-06,0,2022-2023,2023-02
GW,2023-02-09,1,2022-2023,2023-02
GW,2023-02-13,0,2022-2023,2023-02
GW,2023-02-16,0,2022-2023,2023-02
GW,2023-02-23,1,2022-2023,2023-02
GW,2023-02-27,1,2022-2023,2023-02
GW,2023-03-02,0,2022-2023,2023-03
GW,2023-03-06,0,2022-2023,2023-03
GW,2023-03-09,1,2022-2023,2023-03
GW,2023-03-23,0,2022-2023,2023-03
GW,2023-03-27,0,2022-2023,2023-03
GW,2023-03-30,0,2022-2023,2023-03
GW,2023-04-03,1,2022-2023,2023-04
GW,2023-04-06,0,2022-2023,2023-04
GW,2023-04-10,0,2022-2023,2023-04
GW,2023-04-13,0,2022-2023,2023-04
GW,2023-04-17,0,2022-2023,2023-04
GW,2023-04-20,0,2022-2023,2023-04
GW,2023-04-24,0,2022-2023,2023-04
GW,2023-04-27,1,2022-2023,2023-04
GW,2023-05-01,0,2022-2023,2023-05
GW,2023-05-04,1,2022-2023,2023-05
GW,2023-05-09,0,2022-2023,2023-05
GW,2023-05-11,0,2022-2023,2023-05
GW,2023-05-15,0,2022-2023,2023-05
GW,2023-05-16,1,2022-2023,2023-05
GW,2023-05-17,0,2022-2023,2023-05
GW,2023-05-22,0,2022-2023,2023-05
GW,2023-05-25,0,2022-2023,2023-05
